Nom produit,Catégorie,Commission (%),Prix (€),URL affiliation,Argument clé,Avatar cible,Conversion observée (%),Support,Visuel
Formation Tunnel de Vente,Marketing,40,297,https://exemple.com/aff?ref=TONID,Automatise ton business 24/7,Infopreneur,7.4,Chat 24/7,Images/formation-tunnel.jpg
Boîte à Outils SEO,SEO,30,87,https://exemple.com/aff?ref=TONID,Boost naturel Google,Webmarketer,5.8,Email 48h,Images/seo-toolkit.jpg
Logiciel Emailing Pro,SaaS,50,49,https://exemple.com/aff?ref=TONID,Taux d’ouverture +40 %,TPE/PME,11.2,Support VIP,Images/emailpro.jpg
Pack Graphismes Sociaux,Design,35,27,https://exemple.com/aff?ref=TONID,Visuels engageants 1 clic,Community Manager,4.2,Email,Images/pack-graph.jpg
Programme Coaching Passif,Coaching,45,997,https://exemple.com/aff?ref=TONID,Plan complet revenus récurrents,Coach/Indépendant,8.1,Call/Chat VIP,Images/coaching.jpg
